price,highway-mpg,city-mpg,peak-rpm,horsepower,compression-ratio,stroke,bore,fuel-system,engine-size,num-of-cylinders,engine-type,curb-weight,height,width,length,wheel-base,engine-location,drive-wheels,body-style,num-of-doors,aspiration,fuel-type,make,normalized-losses,target
13495.0,27,21,5000.0,111.0,9.0,2.68,3.47,mpfi,130,4,dohc,2548,48.8,64.1,168.8,88.6,front,rwd,convertible,2.0,std,gas,alfa-romero,,
16500.0,27,21,5000.0,111.0,9.0,2.68,3.47,mpfi,130,4,dohc,2548,48.8,64.1,168.8,88.6,front,rwd,convertible,2.0,std,gas,alfa-romero,,
16500.0,26,19,5000.0,154.0,9.0,3.47,2.68,mpfi,152,6,ohcv,2823,52.4,65.5,171.2,94.5,front,rwd,hatchback,2.0,std,gas,alfa-romero,,
13950.0,30,24,5500.0,102.0,10.0,3.4,3.19,mpfi,109,4,ohc,2337,54.3,66.2,176.6,99.8,front,fwd,sedan,4.0,std,gas,audi,164.0,
17450.0,22,18,5500.0,115.0,8.0,3.4,3.19,mpfi,136,5,ohc,2824,54.3,66.4,176.6,99.4,front,4wd,sedan,4.0,std,gas,audi,164.0,
15250.0,25,19,5500.0,110.0,8.5,3.4,3.19,mpfi,136,5,ohc,2507,53.1,66.3,177.3,99.8,front,fwd,sedan,2.0,std,gas,audi,,
17710.0,25,19,5500.0,110.0,8.5,3.4,3.19,mpfi,136,5,ohc,2844,55.7,71.4,192.7,105.8,front,fwd,sedan,4.0,std,gas,audi,158.0,
18920.0,25,19,5500.0,110.0,8.5,3.4,3.19,mpfi,136,5,ohc,2954,55.7,71.4,192.7,105.8,front,fwd,wagon,4.0,std,gas,audi,,
23875.0,20,17,5500.0,140.0,8.3,3.4,3.13,mpfi,131,5,ohc,3086,55.9,71.4,192.7,105.8,front,fwd,sedan,4.0,turbo,gas,audi,158.0,
,22,16,5500.0,160.0,7.0,3.4,3.13,mpfi,131,5,ohc,3053,52.0,67.9,178.2,99.5,front,4wd,hatchback,2.0,turbo,gas,audi,,
16430.0,29,23,5800.0,101.0,8.8,2.8,3.5,mpfi,108,4,ohc,2395,54.3,64.8,176.8,101.2,front,rwd,sedan,2.0,std,gas,bmw,192.0,
16925.0,29,23,5800.0,101.0,8.8,2.8,3.5,mpfi,108,4,ohc,2395,54.3,64.8,176.8,101.2,front,rwd,sedan,4.0,std,gas,bmw,192.0,
20970.0,28,21,4250.0,121.0,9.0,3.19,3.31,mpfi,164,6,ohc,2710,54.3,64.8,176.8,101.2,front,rwd,sedan,2.0,std,gas,bmw,188.0,
21105.0,28,21,4250.0,121.0,9.0,3.19,3.31,mpfi,164,6,ohc,2765,54.3,64.8,176.8,101.2,front,rwd,sedan,4.0,std,gas,bmw,188.0,
24565.0,25,20,4250.0,121.0,9.0,3.19,3.31,mpfi,164,6,ohc,3055,55.7,66.9,189.0,103.5,front,rwd,sedan,4.0,std,gas,bmw,,
30760.0,22,16,5400.0,182.0,8.0,3.39,3.62,mpfi,209,6,ohc,3230,55.7,66.9,189.0,103.5,front,rwd,sedan,4.0,std,gas,bmw,,
41315.0,22,16,5400.0,182.0,8.0,3.39,3.62,mpfi,209,6,ohc,3380,53.7,67.9,193.8,103.5,front,rwd,sedan,2.0,std,gas,bmw,,
36880.0,20,15,5400.0,182.0,8.0,3.39,3.62,mpfi,209,6,ohc,3505,56.3,70.9,197.0,110.0,front,rwd,sedan,4.0,std,gas,bmw,,
5151.0,53,47,5100.0,48.0,9.5,3.03,2.91,2bbl,61,3,l,1488,53.2,60.3,141.1,88.4,front,fwd,hatchback,2.0,std,gas,chevrolet,121.0,
6295.0,43,38,5400.0,70.0,9.6,3.11,3.03,2bbl,90,4,ohc,1874,52.0,63.6,155.9,94.5,front,fwd,hatchback,2.0,std,gas,chevrolet,98.0,
6575.0,43,38,5400.0,70.0,9.6,3.11,3.03,2bbl,90,4,ohc,1909,52.0,63.6,158.8,94.5,front,fwd,sedan,4.0,std,gas,chevrolet,81.0,
5572.0,41,37,5500.0,68.0,9.41,3.23,2.97,2bbl,90,4,ohc,1876,50.8,63.8,157.3,93.7,front,fwd,hatchback,2.0,std,gas,dodge,118.0,
6377.0,38,31,5500.0,68.0,9.4,3.23,2.97,2bbl,90,4,ohc,1876,50.8,63.8,157.3,93.7,front,fwd,hatchback,2.0,std,gas,dodge,118.0,
7957.0,30,24,5500.0,102.0,7.6,3.39,3.03,mpfi,98,4,ohc,2128,50.8,63.8,157.3,93.7,front,fwd,hatchback,2.0,turbo,gas,dodge,118.0,
6229.0,38,31,5500.0,68.0,9.4,3.23,2.97,2bbl,90,4,ohc,1967,50.6,63.8,157.3,93.7,front,fwd,hatchback,4.0,std,gas,dodge,148.0,
6692.0,38,31,5500.0,68.0,9.4,3.23,2.97,2bbl,90,4,ohc,1989,50.6,63.8,157.3,93.7,front,fwd,sedan,4.0,std,gas,dodge,148.0,
7609.0,38,31,5500.0,68.0,9.4,3.23,2.97,2bbl,90,4,ohc,1989,50.6,63.8,157.3,93.7,front,fwd,sedan,4.0,std,gas,dodge,148.0,
8558.0,30,24,5500.0,102.0,7.6,3.39,3.03,mpfi,98,4,ohc,2191,50.6,63.8,157.3,93.7,front,fwd,sedan,,turbo,gas,dodge,148.0,
8921.0,30,24,5000.0,88.0,8.5,3.46,3.34,2bbl,122,4,ohc,2535,59.8,64.6,174.6,103.3,front,fwd,wagon,4.0,std,gas,dodge,110.0,
12964.0,24,19,5000.0,145.0,7.0,3.9,3.6,mfi,156,4,ohc,2811,50.2,66.3,173.2,95.9,front,fwd,hatchback,2.0,turbo,gas,dodge,145.0,
6479.0,54,49,4800.0,58.0,9.6,3.41,2.91,1bbl,92,4,ohc,1713,50.8,63.9,144.6,86.6,front,fwd,hatchback,2.0,std,gas,honda,137.0,
6855.0,38,31,6000.0,76.0,9.2,3.41,2.91,1bbl,92,4,ohc,1819,50.8,63.9,144.6,86.6,front,fwd,hatchback,2.0,std,gas,honda,137.0,
5399.0,42,38,5500.0,60.0,10.1,3.07,2.91,1bbl,79,4,ohc,1837,52.6,64.0,150.0,93.7,front,fwd,hatchback,2.0,std,gas,honda,101.0,
6529.0,34,30,6000.0,76.0,9.2,3.41,2.91,1bbl,92,4,ohc,1940,52.6,64.0,150.0,93.7,front,fwd,hatchback,2.0,std,gas,honda,101.0,
7129.0,34,30,6000.0,76.0,9.2,3.41,2.91,1bbl,92,4,ohc,1956,52.6,64.0,150.0,93.7,front,fwd,hatchback,2.0,std,gas,honda,101.0,
7295.0,34,30,6000.0,76.0,9.2,3.41,2.91,1bbl,92,4,ohc,2010,54.5,64.0,163.4,96.5,front,fwd,sedan,4.0,std,gas,honda,110.0,
7295.0,34,30,6000.0,76.0,9.2,3.41,2.92,1bbl,92,4,ohc,2024,58.3,63.9,157.1,96.5,front,fwd,wagon,4.0,std,gas,honda,78.0,
7895.0,33,27,5800.0,86.0,9.0,3.58,3.15,1bbl,110,4,ohc,2236,53.3,65.2,167.5,96.5,front,fwd,hatchback,2.0,std,gas,honda,106.0,
9095.0,33,27,5800.0,86.0,9.0,3.58,3.15,1bbl,110,4,ohc,2289,53.3,65.2,167.5,96.5,front,fwd,hatchback,2.0,std,gas,honda,106.0,
8845.0,33,27,5800.0,86.0,9.0,3.58,3.15,1bbl,110,4,ohc,2304,54.1,65.2,175.4,96.5,front,fwd,sedan,4.0,std,gas,honda,85.0,
10295.0,33,27,5800.0,86.0,9.0,3.58,3.15,1bbl,110,4,ohc,2372,54.1,62.5,175.4,96.5,front,fwd,sedan,4.0,std,gas,honda,85.0,
12945.0,28,24,5800.0,101.0,9.0,3.58,3.15,mpfi,110,4,ohc,2465,54.1,65.2,175.4,96.5,front,fwd,sedan,4.0,std,gas,honda,85.0,
10345.0,31,25,5500.0,100.0,9.1,3.58,3.15,2bbl,110,4,ohc,2293,51.0,66.0,169.1,96.5,front,fwd,sedan,2.0,std,gas,honda,107.0,
6785.0,29,24,4800.0,78.0,8.5,3.23,3.31,2bbl,111,4,ohc,2337,53.5,61.8,170.7,94.3,front,rwd,sedan,4.0,std,gas,isuzu,,
,43,38,5400.0,70.0,9.6,3.11,3.03,2bbl,90,4,ohc,1874,52.0,63.6,155.9,94.5,front,fwd,sedan,2.0,std,gas,isuzu,,
,43,38,5400.0,70.0,9.6,3.11,3.03,2bbl,90,4,ohc,1909,52.0,63.6,155.9,94.5,front,fwd,sedan,4.0,std,gas,isuzu,,
11048.0,29,24,5000.0,90.0,9.2,3.23,3.43,spfi,119,4,ohc,2734,51.4,65.2,172.6,96.0,front,rwd,hatchback,2.0,std,gas,isuzu,,
32250.0,19,15,4750.0,176.0,8.1,4.17,3.63,mpfi,258,6,dohc,4066,52.8,69.6,199.6,113.0,front,rwd,sedan,4.0,std,gas,jaguar,145.0,
35550.0,19,15,4750.0,176.0,8.1,4.17,3.63,mpfi,258,6,dohc,4066,52.8,69.6,199.6,113.0,front,rwd,sedan,4.0,std,gas,jaguar,,
36000.0,17,13,5000.0,262.0,11.5,2.76,3.54,mpfi,326,12,ohcv,3950,47.8,70.6,191.7,102.0,front,rwd,sedan,2.0,std,gas,jaguar,,
5195.0,31,30,5000.0,68.0,9.0,3.15,3.03,2bbl,91,4,ohc,1890,54.1,64.2,159.1,93.1,front,fwd,hatchback,2.0,std,gas,mazda,104.0,
6095.0,38,31,5000.0,68.0,9.0,3.15,3.03,2bbl,91,4,ohc,1900,54.1,64.2,159.1,93.1,front,fwd,hatchback,2.0,std,gas,mazda,104.0,
6795.0,38,31,5000.0,68.0,9.0,3.15,3.03,2bbl,91,4,ohc,1905,54.1,64.2,159.1,93.1,front,fwd,hatchback,2.0,std,gas,mazda,104.0,
6695.0,38,31,5000.0,68.0,9.0,3.15,3.03,2bbl,91,4,ohc,1945,54.1,64.2,166.8,93.1,front,fwd,sedan,4.0,std,gas,mazda,113.0,
7395.0,38,31,5000.0,68.0,9.0,3.15,3.08,2bbl,91,4,ohc,1950,54.1,64.2,166.8,93.1,front,fwd,sedan,4.0,std,gas,mazda,113.0,
10945.0,23,17,6000.0,101.0,9.4,,,4bbl,70,2,rotor,2380,49.6,65.7,169.0,95.3,front,rwd,hatchback,2.0,std,gas,mazda,150.0,
11845.0,23,17,6000.0,101.0,9.4,,,4bbl,70,2,rotor,2380,49.6,65.7,169.0,95.3,front,rwd,hatchback,2.0,std,gas,mazda,150.0,
13645.0,23,17,6000.0,101.0,9.4,,,4bbl,70,2,rotor,2385,49.6,65.7,169.0,95.3,front,rwd,hatchback,2.0,std,gas,mazda,150.0,
15645.0,23,16,6000.0,135.0,9.4,,,mpfi,80,2,rotor,2500,49.6,65.7,169.0,95.3,front,rwd,hatchback,2.0,std,gas,mazda,150.0,
8845.0,32,26,4800.0,84.0,8.6,3.39,3.39,2bbl,122,4,ohc,2385,53.7,66.5,177.8,98.8,front,fwd,hatchback,2.0,std,gas,mazda,129.0,
8495.0,32,26,4800.0,84.0,8.6,3.39,3.39,2bbl,122,4,ohc,2410,55.5,66.5,177.8,98.8,front,fwd,sedan,4.0,std,gas,mazda,115.0,
10595.0,32,26,4800.0,84.0,8.6,3.39,3.39,2bbl,122,4,ohc,2385,53.7,66.5,177.8,98.8,front,fwd,hatchback,2.0,std,gas,mazda,129.0,
10245.0,32,26,4800.0,84.0,8.6,3.39,3.39,2bbl,122,4,ohc,2410,55.5,66.5,177.8,98.8,front,fwd,sedan,4.0,std,gas,mazda,115.0,
10795.0,42,36,4650.0,64.0,22.7,3.39,3.39,idi,122,4,ohc,2443,55.5,66.5,177.8,98.8,front,fwd,sedan,,std,diesel,mazda,,
11245.0,32,26,4800.0,84.0,8.6,3.39,3.39,2bbl,122,4,ohc,2425,55.5,66.5,177.8,98.8,front,fwd,hatchback,4.0,std,gas,mazda,115.0,
18280.0,27,19,5000.0,120.0,8.0,3.16,3.76,mpfi,140,4,ohc,2670,54.4,66.1,175.0,104.9,front,rwd,sedan,4.0,std,gas,mazda,118.0,
18344.0,39,31,4200.0,72.0,22.0,3.64,3.43,idi,134,4,ohc,2700,54.4,66.1,175.0,104.9,front,rwd,sedan,4.0,std,diesel,mazda,,
25552.0,25,22,4350.0,123.0,21.5,3.64,3.58,idi,183,5,ohc,3515,56.5,70.3,190.9,110.0,front,rwd,sedan,4.0,turbo,diesel,mercedes-benz,93.0,
28248.0,25,22,4350.0,123.0,21.5,3.64,3.58,idi,183,5,ohc,3750,58.7,70.3,190.9,110.0,front,rwd,wagon,4.0,turbo,diesel,mercedes-benz,93.0,
28176.0,25,22,4350.0,123.0,21.5,3.64,3.58,idi,183,5,ohc,3495,54.9,70.3,187.5,106.7,front,rwd,hardtop,2.0,turbo,diesel,mercedes-benz,93.0,
31600.0,25,22,4350.0,123.0,21.5,3.64,3.58,idi,183,5,ohc,3770,56.3,71.7,202.6,115.6,front,rwd,sedan,4.0,turbo,diesel,mercedes-benz,93.0,
34184.0,18,16,4750.0,155.0,8.3,3.1,3.46,mpfi,234,8,ohcv,3740,56.5,71.7,202.6,115.6,front,rwd,sedan,4.0,std,gas,mercedes-benz,,
35056.0,18,16,4750.0,155.0,8.3,3.1,3.46,mpfi,234,8,ohcv,3685,50.8,70.5,180.3,96.6,front,rwd,convertible,2.0,std,gas,mercedes-benz,142.0,
40960.0,16,14,4500.0,184.0,8.0,3.35,3.8,mpfi,308,8,ohcv,3900,56.7,71.7,208.1,120.9,front,rwd,sedan,4.0,std,gas,mercedes-benz,,
45400.0,16,14,4500.0,184.0,8.0,3.35,3.8,mpfi,304,8,ohcv,3715,55.4,72.0,199.2,112.0,front,rwd,hardtop,2.0,std,gas,mercedes-benz,,
16503.0,24,19,5000.0,175.0,8.0,3.12,3.78,mpfi,140,4,ohc,2910,54.8,68.0,178.4,102.7,front,rwd,hatchback,2.0,turbo,gas,mercury,,
5389.0,41,37,5500.0,68.0,9.4,3.23,2.97,2bbl,92,4,ohc,1918,50.8,64.4,157.3,93.7,front,fwd,hatchback,2.0,std,gas,mitsubishi,161.0,
6189.0,38,31,5500.0,68.0,9.4,3.23,2.97,2bbl,92,4,ohc,1944,50.8,64.4,157.3,93.7,front,fwd,hatchback,2.0,std,gas,mitsubishi,161.0,
6669.0,38,31,5500.0,68.0,9.4,3.23,2.97,2bbl,92,4,ohc,2004,50.8,64.4,157.3,93.7,front,fwd,hatchback,2.0,std,gas,mitsubishi,161.0,
7689.0,30,24,5500.0,102.0,7.6,3.39,3.03,spdi,98,4,ohc,2145,50.8,63.8,157.3,93.0,front,fwd,hatchback,2.0,turbo,gas,mitsubishi,161.0,
9959.0,30,23,5500.0,116.0,7.5,3.46,3.17,spdi,110,4,ohc,2370,49.4,65.4,173.0,96.3,front,fwd,hatchback,2.0,turbo,gas,mitsubishi,153.0,
8499.0,32,25,5000.0,88.0,8.5,3.46,3.35,2bbl,122,4,ohc,2328,49.4,65.4,173.0,96.3,front,fwd,hatchback,2.0,std,gas,mitsubishi,153.0,
12629.0,24,19,5000.0,145.0,7.0,3.86,3.58,spdi,156,4,ohc,2833,50.2,66.3,173.2,95.9,front,fwd,hatchback,2.0,turbo,gas,mitsubishi,,
14869.0,24,19,5000.0,145.0,7.0,3.86,3.59,spdi,156,4,ohc,2921,50.2,66.3,173.2,95.9,front,fwd,hatchback,2.0,turbo,gas,mitsubishi,,
14489.0,24,19,5000.0,145.0,7.0,3.86,3.59,spdi,156,4,ohc,2926,50.2,66.3,173.2,95.9,front,fwd,hatchback,2.0,turbo,gas,mitsubishi,,
6989.0,32,25,5000.0,88.0,8.5,3.46,3.35,2bbl,122,4,ohc,2365,51.6,65.4,172.4,96.3,front,fwd,sedan,4.0,std,gas,mitsubishi,125.0,
8189.0,32,25,5000.0,88.0,8.5,3.46,3.35,2bbl,122,4,ohc,2405,51.6,65.4,172.4,96.3,front,fwd,sedan,4.0,std,gas,mitsubishi,125.0,
9279.0,30,23,5500.0,116.0,7.5,3.46,3.17,spdi,110,4,ohc,2403,51.6,65.4,172.4,96.3,front,fwd,sedan,4.0,turbo,gas,mitsubishi,125.0,
9279.0,30,23,5500.0,116.0,7.5,3.46,3.17,spdi,110,4,ohc,2403,51.6,65.4,172.4,96.3,front,fwd,sedan,4.0,std,gas,mitsubishi,137.0,
5499.0,37,31,5200.0,69.0,9.4,3.29,3.15,2bbl,97,4,ohc,1889,54.5,63.8,165.3,94.5,front,fwd,sedan,2.0,std,gas,nissan,128.0,
7099.0,50,45,4800.0,55.0,21.9,3.47,2.99,idi,103,4,ohc,2017,54.5,63.8,165.3,94.5,front,fwd,sedan,2.0,std,diesel,nissan,128.0,
6649.0,37,31,5200.0,69.0,9.4,3.29,3.15,2bbl,97,4,ohc,1918,54.5,63.8,165.3,94.5,front,fwd,sedan,2.0,std,gas,nissan,128.0,
6849.0,37,31,5200.0,69.0,9.4,3.29,3.15,2bbl,97,4,ohc,1938,54.5,63.8,165.3,94.5,front,fwd,sedan,4.0,std,gas,nissan,122.0,
7349.0,37,31,5200.0,69.0,9.4,3.29,3.15,2bbl,97,4,ohc,2024,53.5,63.8,170.2,94.5,front,fwd,wagon,4.0,std,gas,nissan,103.0,
7299.0,37,31,5200.0,69.0,9.4,3.29,3.15,2bbl,97,4,ohc,1951,54.5,63.8,165.3,94.5,front,fwd,sedan,2.0,std,gas,nissan,128.0,
7799.0,37,31,5200.0,69.0,9.4,3.29,3.15,2bbl,97,4,ohc,2028,53.3,63.8,165.6,94.5,front,fwd,hatchback,2.0,std,gas,nissan,128.0,
7499.0,37,31,5200.0,69.0,9.4,3.29,3.15,2bbl,97,4,ohc,1971,54.5,63.8,165.3,94.5,front,fwd,sedan,4.0,std,gas,nissan,122.0,
7999.0,37,31,5200.0,69.0,9.4,3.29,3.15,2bbl,97,4,ohc,2037,53.5,63.8,170.2,94.5,front,fwd,wagon,4.0,std,gas,nissan,103.0,
8249.0,37,31,5200.0,69.0,9.4,3.29,3.15,2bbl,97,4,ohc,2008,53.3,63.8,162.4,95.1,front,fwd,hardtop,2.0,std,gas,nissan,168.0,
8949.0,34,27,5200.0,97.0,8.5,3.47,3.33,2bbl,120,4,ohc,2324,54.7,65.2,173.4,97.2,front,fwd,hatchback,4.0,std,gas,nissan,106.0,
9549.0,34,27,5200.0,97.0,8.5,3.47,3.33,2bbl,120,4,ohc,2302,54.7,65.2,173.4,97.2,front,fwd,sedan,4.0,std,gas,nissan,106.0,
13499.0,22,17,5200.0,152.0,9.0,3.27,3.43,mpfi,181,6,ohcv,3095,55.1,66.5,181.7,100.4,front,fwd,sedan,4.0,std,gas,nissan,128.0,
14399.0,22,17,5200.0,152.0,9.0,3.27,3.43,mpfi,181,6,ohcv,3296,56.1,66.5,184.6,100.4,front,fwd,wagon,4.0,std,gas,nissan,108.0,
13499.0,25,19,5200.0,152.0,9.0,3.27,3.43,mpfi,181,6,ohcv,3060,55.1,66.5,184.6,100.4,front,fwd,sedan,4.0,std,gas,nissan,108.0,
17199.0,25,19,5200.0,160.0,9.0,3.27,3.43,mpfi,181,6,ohcv,3071,49.7,67.9,170.7,91.3,front,rwd,hatchback,2.0,std,gas,nissan,194.0,
19699.0,23,17,5200.0,200.0,7.8,3.27,3.43,mpfi,181,6,ohcv,3139,49.7,67.9,170.7,91.3,front,rwd,hatchback,2.0,turbo,gas,nissan,194.0,
18399.0,25,19,5200.0,160.0,9.0,3.27,3.43,mpfi,181,6,ohcv,3139,49.7,67.9,178.5,99.2,front,rwd,hatchback,2.0,std,gas,nissan,231.0,
11900.0,24,19,5000.0,97.0,8.4,3.19,3.46,mpfi,120,4,l,3020,56.7,68.4,186.7,107.9,front,rwd,sedan,4.0,std,gas,peugot,161.0,
13200.0,33,28,4150.0,95.0,21.0,3.52,3.7,idi,152,4,l,3197,56.7,68.4,186.7,107.9,front,rwd,sedan,4.0,turbo,diesel,peugot,161.0,
12440.0,24,19,5000.0,97.0,8.4,3.19,3.46,mpfi,120,4,l,3230,58.7,68.4,198.9,114.2,front,rwd,wagon,4.0,std,gas,peugot,,
13860.0,25,25,4150.0,95.0,21.0,3.52,3.7,idi,152,4,l,3430,58.7,68.4,198.9,114.2,front,rwd,wagon,4.0,turbo,diesel,peugot,,
15580.0,24,19,5000.0,95.0,8.4,2.19,3.46,mpfi,120,4,l,3075,56.7,68.4,186.7,107.9,front,rwd,sedan,4.0,std,gas,peugot,161.0,
16900.0,33,28,4150.0,95.0,21.0,3.52,3.7,idi,152,4,l,3252,56.7,68.4,186.7,107.9,front,rwd,sedan,4.0,turbo,diesel,peugot,161.0,
16695.0,24,19,5000.0,95.0,8.4,2.19,3.46,mpfi,120,4,l,3285,56.7,68.4,198.9,114.2,front,rwd,wagon,4.0,std,gas,peugot,,
17075.0,25,25,4150.0,95.0,21.0,3.52,3.7,idi,152,4,l,3485,58.7,68.4,198.9,114.2,front,rwd,wagon,4.0,turbo,diesel,peugot,,
16630.0,24,19,5000.0,97.0,8.4,3.19,3.46,mpfi,120,4,l,3075,56.7,68.4,186.7,107.9,front,rwd,sedan,4.0,std,gas,peugot,161.0,
17950.0,33,28,4150.0,95.0,21.0,3.52,3.7,idi,152,4,l,3252,56.7,68.4,186.7,107.9,front,rwd,sedan,4.0,turbo,diesel,peugot,161.0,
18150.0,24,18,5600.0,142.0,7.0,3.21,3.61,mpfi,134,4,l,3130,56.0,68.3,186.7,108.0,front,rwd,sedan,4.0,turbo,gas,peugot,161.0,
5572.0,41,37,5500.0,68.0,9.4,3.23,2.97,2bbl,90,4,ohc,1918,50.8,63.8,157.3,93.7,front,fwd,hatchback,2.0,std,gas,plymouth,119.0,
7957.0,30,24,5500.0,102.0,7.6,3.39,3.03,spdi,98,4,ohc,2128,50.8,63.8,157.3,93.7,front,fwd,hatchback,2.0,turbo,gas,plymouth,119.0,
6229.0,38,31,5500.0,68.0,9.4,3.23,2.97,2bbl,90,4,ohc,1967,50.6,63.8,157.3,93.7,front,fwd,hatchback,4.0,std,gas,plymouth,154.0,
6692.0,38,31,5500.0,68.0,9.4,3.23,2.97,2bbl,90,4,ohc,1989,50.8,63.8,167.3,93.7,front,fwd,sedan,4.0,std,gas,plymouth,154.0,
7609.0,38,31,5500.0,68.0,9.4,3.23,2.97,2bbl,98,4,ohc,2191,50.8,63.8,167.3,93.7,front,fwd,sedan,4.0,std,gas,plymouth,154.0,
8921.0,30,24,5000.0,88.0,8.5,3.46,3.35,2bbl,122,4,ohc,2535,59.8,64.6,174.6,103.3,front,fwd,wagon,4.0,std,gas,plymouth,74.0,
12764.0,24,19,5000.0,145.0,7.0,3.86,3.59,spdi,156,4,ohc,2818,50.2,66.3,173.2,95.9,front,rwd,hatchback,2.0,turbo,gas,plymouth,,
22018.0,27,19,5500.0,143.0,9.5,3.11,3.94,mpfi,151,4,ohc,2778,50.2,68.3,168.9,94.5,front,rwd,hatchback,2.0,std,gas,porsche,186.0,
32528.0,25,17,5900.0,207.0,9.5,2.9,3.74,mpfi,194,6,ohcf,2756,51.6,65.0,168.9,89.5,rear,rwd,hardtop,2.0,std,gas,porsche,,
34028.0,25,17,5900.0,207.0,9.5,2.9,3.74,mpfi,194,6,ohcf,2756,51.6,65.0,168.9,89.5,rear,rwd,hardtop,2.0,std,gas,porsche,,
37028.0,25,17,5900.0,207.0,9.5,2.9,3.74,mpfi,194,6,ohcf,2800,51.6,65.0,168.9,89.5,rear,rwd,convertible,2.0,std,gas,porsche,,
,28,17,5750.0,288.0,10.0,3.11,3.94,mpfi,203,8,dohcv,3366,50.5,72.3,175.7,98.4,front,rwd,hatchback,2.0,std,gas,porsche,,
9295.0,31,23,,,8.7,3.9,3.46,mpfi,132,4,ohc,2579,55.2,66.5,181.5,96.1,front,fwd,wagon,4.0,std,gas,renault,,
9895.0,31,23,,,8.7,3.9,3.46,mpfi,132,4,ohc,2460,50.5,66.6,176.8,96.1,front,fwd,hatchback,2.0,std,gas,renault,,
11850.0,28,21,5250.0,110.0,9.31,3.07,3.54,mpfi,121,4,ohc,2658,56.1,66.5,186.6,99.1,front,fwd,hatchback,2.0,std,gas,saab,150.0,
12170.0,28,21,5250.0,110.0,9.3,3.07,3.54,mpfi,121,4,ohc,2695,56.1,66.5,186.6,99.1,front,fwd,sedan,4.0,std,gas,saab,104.0,
15040.0,28,21,5250.0,110.0,9.3,2.07,2.54,mpfi,121,4,ohc,2707,56.1,66.5,186.6,99.1,front,fwd,hatchback,2.0,std,gas,saab,150.0,
15510.0,28,21,5250.0,110.0,9.3,3.07,3.54,mpfi,121,4,ohc,2758,56.1,66.5,186.6,99.1,front,fwd,sedan,4.0,std,gas,saab,104.0,
18150.0,26,19,5500.0,160.0,9.0,3.07,3.54,mpfi,121,4,dohc,2808,56.1,66.5,186.6,99.1,front,fwd,hatchback,2.0,turbo,gas,saab,150.0,
18620.0,26,19,5500.0,160.0,9.0,3.07,3.54,mpfi,121,4,dohc,2847,56.1,66.5,186.6,99.1,front,fwd,sedan,4.0,turbo,gas,saab,104.0,
5118.0,36,31,4900.0,69.0,9.0,2.36,3.62,2bbl,97,4,ohcf,2050,53.7,63.4,156.9,93.7,front,fwd,hatchback,2.0,std,gas,subaru,83.0,
7053.0,31,26,4400.0,73.0,8.7,2.64,3.62,2bbl,108,4,ohcf,2120,53.7,63.6,157.9,93.7,front,fwd,hatchback,2.0,std,gas,subaru,83.0,
7603.0,31,26,4400.0,73.0,8.7,2.64,3.62,2bbl,108,4,ohcf,2240,55.7,63.8,157.3,93.3,front,4wd,hatchback,2.0,std,gas,subaru,83.0,
7126.0,37,32,4800.0,82.0,9.5,2.64,3.62,2bbl,108,4,ohcf,2145,52.5,65.4,172.0,97.2,front,fwd,sedan,4.0,std,gas,subaru,102.0,
7775.0,33,28,4400.0,82.0,9.5,2.64,3.62,2bbl,108,4,ohcf,2190,52.5,65.4,172.0,97.2,front,fwd,sedan,4.0,std,gas,subaru,102.0,
9960.0,32,26,5200.0,94.0,9.0,2.64,3.62,mpfi,108,4,ohcf,2340,52.5,65.4,172.0,97.2,front,fwd,sedan,4.0,std,gas,subaru,102.0,
9233.0,25,24,4800.0,82.0,9.0,2.64,3.62,2bbl,108,4,ohcf,2385,54.3,65.4,172.0,97.0,front,4wd,sedan,4.0,std,gas,subaru,102.0,
11259.0,29,24,4800.0,111.0,7.7,2.64,3.62,mpfi,108,4,ohcf,2510,54.3,65.4,172.0,97.0,front,4wd,sedan,4.0,turbo,gas,subaru,102.0,
7463.0,32,28,4800.0,82.0,9.0,2.64,3.62,2bbl,108,4,ohcf,2290,53.0,65.4,173.5,97.0,front,fwd,wagon,4.0,std,gas,subaru,89.0,
10198.0,31,25,5200.0,94.0,9.0,2.64,3.62,mpfi,108,4,ohcf,2455,53.0,65.4,173.5,97.0,front,fwd,wagon,4.0,std,gas,subaru,89.0,
8013.0,29,23,4800.0,82.0,9.0,2.64,3.62,2bbl,108,4,ohcf,2420,54.9,65.4,173.6,96.9,front,4wd,wagon,4.0,std,gas,subaru,85.0,
11694.0,23,23,4800.0,111.0,7.7,2.64,3.62,mpfi,108,4,ohcf,2650,54.9,65.4,173.6,96.9,front,4wd,wagon,4.0,turbo,gas,subaru,85.0,
5348.0,39,35,4800.0,62.0,9.0,3.03,3.05,2bbl,92,4,ohc,1985,54.5,63.6,158.7,95.7,front,fwd,hatchback,2.0,std,gas,toyota,87.0,
6338.0,38,31,4800.0,62.0,9.0,3.03,3.05,2bbl,92,4,ohc,2040,54.5,63.6,158.7,95.7,front,fwd,hatchback,2.0,std,gas,toyota,87.0,
6488.0,38,31,4800.0,62.0,9.0,3.03,3.05,2bbl,92,4,ohc,2015,54.5,63.6,158.7,95.7,front,fwd,hatchback,4.0,std,gas,toyota,74.0,
6918.0,37,31,4800.0,62.0,9.0,3.03,3.05,2bbl,92,4,ohc,2280,59.1,63.6,169.7,95.7,front,fwd,wagon,4.0,std,gas,toyota,77.0,
7898.0,32,27,4800.0,62.0,9.0,3.03,3.05,2bbl,92,4,ohc,2290,59.1,63.6,169.7,95.7,front,4wd,wagon,4.0,std,gas,toyota,81.0,
8778.0,32,27,4800.0,62.0,9.0,3.03,3.05,2bbl,92,4,ohc,3110,59.1,63.6,169.7,95.7,front,4wd,wagon,4.0,std,gas,toyota,91.0,
6938.0,37,30,4800.0,70.0,9.0,3.03,3.19,2bbl,98,4,ohc,2081,53.0,64.4,166.3,95.7,front,fwd,sedan,4.0,std,gas,toyota,91.0,
7198.0,37,30,4800.0,70.0,9.0,3.03,3.19,2bbl,98,4,ohc,2109,52.8,64.4,166.3,95.7,front,fwd,hatchback,4.0,std,gas,toyota,91.0,
7898.0,36,34,4500.0,56.0,22.5,3.35,3.27,idi,110,4,ohc,2275,53.0,64.4,166.3,95.7,front,fwd,sedan,4.0,std,diesel,toyota,91.0,
7788.0,47,38,4500.0,56.0,22.5,3.35,3.27,idi,110,4,ohc,2275,52.8,64.4,166.3,95.7,front,fwd,hatchback,4.0,std,diesel,toyota,91.0,
7738.0,47,38,4800.0,70.0,9.0,3.03,3.19,2bbl,98,4,ohc,2094,53.0,64.4,166.3,95.7,front,fwd,sedan,4.0,std,gas,toyota,91.0,
8358.0,34,28,4800.0,70.0,9.0,3.03,3.19,2bbl,98,4,ohc,2122,52.8,64.4,166.3,95.7,front,fwd,hatchback,4.0,std,gas,toyota,91.0,
9258.0,34,28,4800.0,70.0,9.0,3.03,3.19,2bbl,98,4,ohc,2140,52.8,64.4,166.3,95.7,front,fwd,sedan,4.0,std,gas,toyota,91.0,
8058.0,34,29,4800.0,70.0,9.0,3.03,3.19,2bbl,98,4,ohc,2169,52.6,64.0,168.7,94.5,front,rwd,sedan,2.0,std,gas,toyota,168.0,
8238.0,34,29,4800.0,70.0,9.0,3.03,3.19,2bbl,98,4,ohc,2204,52.6,64.0,168.7,94.5,front,rwd,hatchback,2.0,std,gas,toyota,168.0,
9298.0,29,26,6600.0,112.0,9.4,3.08,3.24,mpfi,98,4,dohc,2265,52.6,64.0,168.7,94.5,front,rwd,sedan,2.0,std,gas,toyota,168.0,
9538.0,29,26,6600.0,112.0,9.4,3.08,3.24,mpfi,98,4,dohc,2300,52.6,64.0,168.7,94.5,front,rwd,hatchback,2.0,std,gas,toyota,168.0,
8449.0,30,24,4800.0,116.0,9.3,3.5,3.62,mpfi,146,4,ohc,2540,52.0,65.6,176.2,98.4,front,rwd,hardtop,2.0,std,gas,toyota,134.0,
9639.0,30,24,4800.0,116.0,9.3,3.5,3.62,mpfi,146,4,ohc,2536,52.0,65.6,176.2,98.4,front,rwd,hardtop,2.0,std,gas,toyota,134.0,
9989.0,30,24,4800.0,116.0,9.3,3.5,3.62,mpfi,146,4,ohc,2551,52.0,65.6,176.2,98.4,front,rwd,hatchback,2.0,std,gas,toyota,134.0,
11199.0,30,24,4800.0,116.0,9.3,3.5,3.62,mpfi,146,4,ohc,2679,52.0,65.6,176.2,98.4,front,rwd,hardtop,2.0,std,gas,toyota,134.0,
11549.0,30,24,4800.0,116.0,9.3,3.5,3.62,mpfi,146,4,ohc,2714,52.0,65.6,176.2,98.4,front,rwd,hatchback,2.0,std,gas,toyota,134.0,
17669.0,30,24,4800.0,116.0,9.3,3.5,3.62,mpfi,146,4,ohc,2975,53.0,65.6,176.2,98.4,front,rwd,convertible,2.0,std,gas,toyota,134.0,
8948.0,34,29,4200.0,92.0,8.7,3.54,3.31,mpfi,122,4,ohc,2326,54.9,66.5,175.6,102.4,front,fwd,sedan,4.0,std,gas,toyota,65.0,
10698.0,33,30,4500.0,73.0,22.5,3.35,3.27,idi,110,4,ohc,2480,54.9,66.5,175.6,102.4,front,fwd,sedan,4.0,turbo,diesel,toyota,65.0,
9988.0,32,27,4200.0,92.0,8.7,3.54,3.31,mpfi,122,4,ohc,2414,53.9,66.5,175.6,102.4,front,fwd,hatchback,4.0,std,gas,toyota,65.0,
10898.0,32,27,4200.0,92.0,8.7,3.54,3.31,mpfi,122,4,ohc,2414,54.9,66.5,175.6,102.4,front,fwd,sedan,4.0,std,gas,toyota,65.0,
11248.0,32,27,4200.0,92.0,8.7,3.54,3.31,mpfi,122,4,ohc,2458,53.9,66.5,175.6,102.4,front,fwd,hatchback,4.0,std,gas,toyota,65.0,
16558.0,24,20,5200.0,161.0,9.3,3.35,3.27,mpfi,171,6,dohc,2976,52.0,67.7,183.5,102.9,front,rwd,hatchback,2.0,std,gas,toyota,197.0,
15998.0,24,19,5200.0,161.0,9.3,3.35,3.27,mpfi,171,6,dohc,3016,52.0,67.7,183.5,102.9,front,rwd,hatchback,2.0,std,gas,toyota,197.0,
15690.0,24,20,5200.0,156.0,9.2,3.35,3.27,mpfi,171,6,dohc,3131,54.1,66.5,187.8,104.5,front,rwd,sedan,4.0,std,gas,toyota,90.0,
15750.0,24,19,5200.0,156.0,9.2,3.35,3.27,mpfi,161,6,dohc,3151,54.1,66.5,187.8,104.5,front,rwd,wagon,4.0,std,gas,toyota,,
7775.0,46,37,4800.0,52.0,23.0,3.4,3.01,idi,97,4,ohc,2261,55.7,65.5,171.7,97.3,front,fwd,sedan,2.0,std,diesel,volkswagen,122.0,
7975.0,34,27,5250.0,85.0,9.0,3.4,3.19,mpfi,109,4,ohc,2209,55.7,65.5,171.7,97.3,front,fwd,sedan,2.0,std,gas,volkswagen,122.0,
7995.0,46,37,4800.0,52.0,23.0,3.4,3.01,idi,97,4,ohc,2264,55.7,65.5,171.7,97.3,front,fwd,sedan,4.0,std,diesel,volkswagen,94.0,
8195.0,34,27,5250.0,85.0,9.0,3.4,3.19,mpfi,109,4,ohc,2212,55.7,65.5,171.7,97.3,front,fwd,sedan,4.0,std,gas,volkswagen,94.0,
8495.0,34,27,5250.0,85.0,9.0,3.4,3.19,mpfi,109,4,ohc,2275,55.7,65.5,171.7,97.3,front,fwd,sedan,4.0,std,gas,volkswagen,94.0,
9495.0,42,37,4500.0,68.0,23.0,3.4,3.01,idi,97,4,ohc,2319,55.7,65.5,171.7,97.3,front,fwd,sedan,4.0,turbo,diesel,volkswagen,94.0,
9995.0,32,26,5500.0,100.0,10.0,3.4,3.19,mpfi,109,4,ohc,2300,55.7,65.5,171.7,97.3,front,fwd,sedan,4.0,std,gas,volkswagen,94.0,
11595.0,29,24,5500.0,90.0,8.5,3.4,3.19,mpfi,109,4,ohc,2254,55.6,64.2,159.3,94.5,front,fwd,convertible,2.0,std,gas,volkswagen,,
9980.0,29,24,5500.0,90.0,8.5,3.4,3.19,mpfi,109,4,ohc,2221,51.4,64.0,165.7,94.5,front,fwd,hatchback,2.0,std,gas,volkswagen,256.0,
13295.0,24,19,5500.0,110.0,8.5,3.4,3.19,mpfi,136,5,ohc,2661,55.1,66.9,180.2,100.4,front,fwd,sedan,4.0,std,gas,volkswagen,,
13845.0,38,33,4500.0,68.0,23.0,3.4,3.01,idi,97,4,ohc,2579,55.1,66.9,180.2,100.4,front,fwd,sedan,4.0,turbo,diesel,volkswagen,,
12290.0,31,25,5500.0,88.0,9.0,3.4,3.19,mpfi,109,4,ohc,2563,55.1,66.9,183.1,100.4,front,fwd,wagon,4.0,std,gas,volkswagen,,
12940.0,28,23,5400.0,114.0,9.5,3.15,3.78,mpfi,141,4,ohc,2912,56.2,67.2,188.8,104.3,front,rwd,sedan,4.0,std,gas,volvo,103.0,
13415.0,28,23,5400.0,114.0,9.5,3.15,3.78,mpfi,141,4,ohc,3034,57.5,67.2,188.8,104.3,front,rwd,wagon,4.0,std,gas,volvo,74.0,
15985.0,28,24,5400.0,114.0,9.5,3.15,3.78,mpfi,141,4,ohc,2935,56.2,67.2,188.8,104.3,front,rwd,sedan,4.0,std,gas,volvo,103.0,
16515.0,28,24,5400.0,114.0,9.5,3.15,3.78,mpfi,141,4,ohc,3042,57.5,67.2,188.8,104.3,front,rwd,wagon,4.0,std,gas,volvo,74.0,
18420.0,22,17,5100.0,162.0,7.5,3.15,3.62,mpfi,130,4,ohc,3045,56.2,67.2,188.8,104.3,front,rwd,sedan,4.0,turbo,gas,volvo,103.0,
18950.0,22,17,5100.0,162.0,7.5,3.15,3.62,mpfi,130,4,ohc,3157,57.5,67.2,188.8,104.3,front,rwd,wagon,4.0,turbo,gas,volvo,74.0,
16845.0,28,23,5400.0,114.0,9.5,3.15,3.78,mpfi,141,4,ohc,2952,55.5,68.9,188.8,109.1,front,rwd,sedan,4.0,std,gas,volvo,95.0,
19045.0,25,19,5300.0,160.0,8.7,3.15,3.78,mpfi,141,4,ohc,3049,55.5,68.8,188.8,109.1,front,rwd,sedan,4.0,turbo,gas,volvo,95.0,
21485.0,23,18,5500.0,134.0,8.8,2.87,3.58,mpfi,173,6,ohcv,3012,55.5,68.9,188.8,109.1,front,rwd,sedan,4.0,std,gas,volvo,95.0,
22470.0,27,26,4800.0,106.0,23.0,3.4,3.01,idi,145,6,ohc,3217,55.5,68.9,188.8,109.1,front,rwd,sedan,4.0,turbo,diesel,volvo,95.0,
22625.0,25,19,5400.0,114.0,9.5,3.15,3.78,mpfi,141,4,ohc,3062,55.5,68.9,188.8,109.1,front,rwd,sedan,4.0,turbo,gas,volvo,95.0,
